,continent,1952,1957
0,Africa,1252.57246582115,1385.2360622557699
1,Americas,4079.0625522,4616.04373316
2,Asia,5195.484004039389,4003.13293994242
3,Europe,5661.05743476,6963.01281593333
4,Oceania,10298.08565,11598.522455
